{
  "/download.html": {
    "main": [
      {
        "src": "../webroot-dev/js/main/download.js",
        "dest": "/static/js/main/4df3754ae6f2e61a8a26f10601a1ca5a.js",
        "deps": [
          "../webroot-dev/node_modules/jquery/dist/jquery.js",
          "../webroot-dev/js/main/rem.js",
          "../webroot-dev/css/reset2016.css",
          "../webroot-dev/css/public2016.css",
          "../webroot-dev/css/yiyuan.css"
        ]
      }
    ],
    "js": [
      {
        "dest": "/static/js/7618cc3ce0b71d96ee5d22a862469841.js",
        "deps": [
          "../webroot-dev/node_modules/coolie.js/coolie.js"
        ]
      }
    ],
    "css": [],
    "res": []
  },
  "/shake.html": {
    "main": [
      {
        "src": "../webroot-dev/js/main/shake.js",
        "dest": "/static/js/main/f502d572040da000561a85ad15bad5f7.js",
        "deps": [
          "../webroot-dev/node_modules/jquery/dist/jquery.js",
          "../webroot-dev/js/main/rem.js",
          "../webroot-dev/css/reset2016.css",
          "../webroot-dev/css/public2016.css",
          "../webroot-dev/css/yiyuan.css",
          "../webroot-dev/js/libs/ApiUtil.js"
        ]
      }
    ],
    "js": [
      {
        "dest": "/static/js/7618cc3ce0b71d96ee5d22a862469841.js",
        "deps": [
          "../webroot-dev/node_modules/coolie.js/coolie.js"
        ]
      }
    ],
    "css": [],
    "res": [
      "../webroot-dev/audio/5018.mp3"
    ]
  }
}
